ds,trend,yearly,Super Bowl,Valentine's Day,St Patrick's Day,Easter Sunday,Cinco de Mayo,Mother's Day,Memorial Day,Father's Day,Independence Day,Labor Day,Halloween,Thanksgiving,Christmas Eve,New Year's Eve,yhat
2017-01-09,4726890.764290599,-1250347.9986004715,0.0,0.0,0.0,0.0,0.0,0.0,0.0,0.0,0.0,0.0,0.0,0.0,0.0,0.0,3476542.7656901274
2017-01-16,4728268.625691625,-1216040.003173491,0.0,0.0,0.0,0.0,0.0,0.0,0.0,0.0,0.0,0.0,0.0,0.0,0.0,0.0,3512228.6225181343
2017-01-23,4729646.487092652,-1162159.5589082702,10289.54356287568,0.0,0.0,0.0,0.0,0.0,0.0,0.0,0.0,0.0,0.0,0.0,0.0,0.0,3577776.4717472577
2017-01-30,4731024.3484936785,-1089564.0437164383,561790.0432184599,0.0,0.0,0.0,0.0,0.0,0.0,0.0,0.0,0.0,0.0,0.0,0.0,0.0,4203250.3479957
2017-02-06,4732402.209894705,-999490.6174549193,0.0,58836.33271463999,0.0,0.0,0.0,0.0,0.0,0.0,0.0,0.0,0.0,0.0,0.0,0.0,3791747.925154425
2017-02-13,4733780.071295732,-893527.581121389,0.0,117672.66542927998,0.0,0.0,0.0,0.0,0.0,0.0,0.0,0.0,0.0,0.0,0.0,0.0,3957925.1556036226
2017-02-20,4735157.932696758,-773574.9931273126,0.0,0.0,0.0,0.0,0.0,0.0,0.0,0.0,0.0,0.0,0.0,0.0,0.0,0.0,3961582.9395694453
2017-02-27,4736535.794097784,-641796.0585509778,0.0,0.0,0.0,0.0,0.0,0.0,0.0,0.0,0.0,0.0,0.0,0.0,0.0,0.0,4094739.735546806
2017-03-06,4737913.655498811,-500561.2128830733,0.0,0.0,4420.791308204146,0.0,0.0,0.0,0.0,0.0,0.0,0.0,0.0,0.0,0.0,0.0,4241773.233923942
2017-03-13,4739291.516899837,-352387.12928336434,0.0,0.0,241367.02711054997,0.0,0.0,0.0,0.0,0.0,0.0,0.0,0.0,0.0,0.0,0.0,4628271.414727023
2017-03-20,4740669.378300863,-199873.07167297477,0.0,0.0,0.0,0.0,0.0,0.0,0.0,0.0,0.0,0.0,0.0,0.0,0.0,0.0,4540796.306627888
2017-03-27,4742047.23970189,-45637.08537892866,0.0,0.0,0.0,62647.428462616655,0.0,0.0,0.0,0.0,0.0,0.0,0.0,0.0,0.0,0.0,4759057.582785578
2017-04-03,4743425.100348539,107745.54026564138,0.0,0.0,0.0,125294.85692523331,0.0,0.0,0.0,0.0,0.0,0.0,0.0,0.0,0.0,0.0,4976465.497539413
2017-04-10,4744802.960995187,257799.2827067511,0.0,0.0,0.0,187942.28538785,0.0,0.0,0.0,0.0,0.0,0.0,0.0,0.0,0.0,0.0,5190544.529089788
2017-04-17,4746180.821641836,402198.90677887533,0.0,0.0,0.0,0.0,106740.83066715332,0.0,0.0,0.0,0.0,0.0,0.0,0.0,0.0,0.0,5255120.559087865
2017-04-24,4747558.682288485,538811.9167904736,0.0,0.0,0.0,0.0,213481.66133430664,0.0,0.0,0.0,0.0,0.0,0.0,0.0,0.0,0.0,5499852.260413265
2017-05-01,4748936.542935133,665731.8186850194,0.0,0.0,0.0,0.0,320222.49200146,106088.34513495999,0.0,0.0,0.0,0.0,0.0,0.0,0.0,0.0,5840979.198756572
2017-05-08,4750314.403581781,781301.5733003186,0.0,0.0,0.0,0.0,0.0,212176.69026991999,0.0,0.0,0.0,0.0,0.0,0.0,0.0,0.0,5743792.66715202
2017-05-15,4751692.2642284315,884127.1410631108,0.0,0.0,0.0,0.0,0.0,0.0,12920.122642699289,0.0,0.0,0.0,0.0,0.0,0.0,0.0,5648739.527934242
2017-05-22,4753070.12487508,973081.5253578551,0.0,0.0,0.0,0.0,0.0,0.0,705414.7944927199,0.0,0.0,0.0,0.0,0.0,0.0,0.0,6431566.444725655
2017-05-29,4754447.985521728,1047300.1879853177,0.0,0.0,0.0,0.0,0.0,0.0,0.0,0.0,0.0,0.0,0.0,0.0,0.0,0.0,5801748.173507046
2017-06-05,4755825.8461683765,1106169.1098564693,0.0,0.0,0.0,0.0,0.0,0.0,0.0,118304.10304108,0.0,0.0,0.0,0.0,0.0,0.0,5980299.059065926
2017-06-12,4757166.015910529,1149307.0817068235,0.0,0.0,0.0,0.0,0.0,0.0,0.0,236608.20608216,0.0,0.0,0.0,0.0,0.0,0.0,6143081.303699512
2017-06-19,4758506.185652682,1176544.0168063631,0.0,0.0,0.0,0.0,0.0,0.0,0.0,0.0,0.0,0.0,0.0,0.0,0.0,0.0,5935050.202459045
2017-06-26,4759846.355394834,1187897.1702482342,0.0,0.0,0.0,0.0,0.0,0.0,0.0,0.0,32844.495365879506,0.0,0.0,0.0,0.0,0.0,5980588.021008948
2017-07-03,4761186.525136986,1183547.1240624473,0.0,0.0,0.0,0.0,0.0,0.0,0.0,0.0,1793248.6857492,0.0,0.0,0.0,0.0,0.0,7737982.334948633
2017-07-10,4762526.694879138,1163815.2576988367,0.0,0.0,0.0,0.0,0.0,0.0,0.0,0.0,0.0,0.0,0.0,0.0,0.0,0.0,5926341.952577975
2017-07-17,4763866.86462129,1129144.1796391797,0.0,0.0,0.0,0.0,0.0,0.0,0.0,0.0,0.0,0.0,0.0,0.0,0.0,0.0,5893011.04426047
2017-07-24,4765207.034363443,1080082.264392086,0.0,0.0,0.0,0.0,0.0,0.0,0.0,0.0,0.0,0.0,0.0,0.0,0.0,0.0,5845289.298755529
2017-07-31,4766547.204105595,1017273.0413572186,0.0,0.0,0.0,0.0,0.0,0.0,0.0,0.0,0.0,0.0,0.0,0.0,0.0,0.0,5783820.245462813
2017-08-07,4767887.373847747,941449.743304668,0.0,0.0,0.0,0.0,0.0,0.0,0.0,0.0,0.0,0.0,0.0,0.0,0.0,0.0,5709337.117152415
2017-08-14,4769227.543589899,853434.8701256994,0.0,0.0,0.0,0.0,0.0,0.0,0.0,0.0,0.0,0.0,0.0,0.0,0.0,0.0,5622662.413715599
2017-08-21,4770567.713332051,754144.1864000829,0.0,0.0,0.0,0.0,0.0,0.0,0.0,0.0,0.0,12592.515383396883,0.0,0.0,0.0,0.0,5537304.4151155315
2017-08-28,4771121.708402384,644594.1765626088,0.0,0.0,0.0,0.0,0.0,0.0,0.0,0.0,0.0,687528.04419738,0.0,0.0,0.0,0.0,6103243.929162373
2017-09-04,4771675.703472719,525911.6538335995,0.0,0.0,0.0,0.0,0.0,0.0,0.0,0.0,0.0,0.0,0.0,0.0,0.0,0.0,5297587.357306318
2017-09-11,4772229.698543052,399343.979370202,0.0,0.0,0.0,0.0,0.0,0.0,0.0,0.0,0.0,0.0,0.0,0.0,0.0,0.0,5171573.677913254
2017-09-18,4772783.693613385,266268.21180442406,0.0,0.0,0.0,0.0,0.0,0.0,0.0,0.0,0.0,0.0,0.0,0.0,0.0,0.0,5039051.905417809
2017-09-25,4773337.688683719,128197.48379082963,0.0,0.0,0.0,0.0,0.0,0.0,0.0,0.0,0.0,0.0,0.0,0.0,0.0,0.0,4901535.172474549
2017-10-02,4773891.683754053,-13217.006014394958,0.0,0.0,0.0,0.0,0.0,0.0,0.0,0.0,0.0,0.0,0.0,0.0,0.0,0.0,4760674.677739658
2017-10-09,4774445.678824386,-156189.79429077465,0.0,0.0,0.0,0.0,0.0,0.0,0.0,0.0,0.0,0.0,0.0,0.0,0.0,0.0,4618255.884533611
2017-10-16,4774999.67389472,-298811.8535726402,0.0,0.0,0.0,0.0,0.0,0.0,0.0,0.0,0.0,0.0,0.0,0.0,0.0,0.0,4476187.82032208
2017-10-23,4775553.668965053,-439068.91190736485,0.0,0.0,0.0,0.0,0.0,0.0,0.0,0.0,0.0,0.0,4722.767620781244,0.0,0.0,0.0,4341207.52467847
2017-10-30,4776107.664035386,-574867.6647731857,0.0,0.0,0.0,0.0,0.0,0.0,0.0,0.0,0.0,0.0,257854.37513109,0.0,0.0,0.0,4459094.374393291
2017-11-06,4776661.658065053,-704069.6705052445,0.0,0.0,0.0,0.0,0.0,0.0,0.0,0.0,0.0,0.0,0.0,476217.7318398666,0.0,0.0,4548809.719399675
2017-11-13,4777215.652094719,-824532.2317672058,0.0,0.0,0.0,0.0,0.0,0.0,0.0,0.0,0.0,0.0,0.0,952435.4636797332,0.0,0.0,4905118.884007246
2017-11-20,4777769.646124384,-934155.098918839,0.0,0.0,0.0,0.0,0.0,0.0,0.0,0.0,0.0,0.0,0.0,1428653.1955195998,0.0,0.0,5272267.742725145
2017-11-27,4778323.640154051,-1030931.414323842,0.0,0.0,0.0,0.0,0.0,0.0,0.0,0.0,0.0,0.0,0.0,0.0,0.0,0.0,3747392.2258302085
2017-12-04,4778877.634183717,-1113000.9749450914,0.0,0.0,0.0,0.0,0.0,0.0,0.0,0.0,0.0,0.0,0.0,0.0,163320.48499799997,0.0,3829197.1442366256
2017-12-11,4779431.628213383,-1178703.6451130628,0.0,0.0,0.0,0.0,0.0,0.0,0.0,0.0,0.0,0.0,0.0,0.0,326640.96999599994,706843.2087658999,4634212.161862221
2017-12-18,4779985.622243049,-1226630.6179126215,0.0,0.0,0.0,0.0,0.0,0.0,0.0,0.0,0.0,0.0,0.0,0.0,489961.45499399997,1413686.4175317998,5457002.8768562265
2017-12-25,4780539.616272715,-1255671.2117231444,0.0,0.0,0.0,0.0,0.0,0.0,0.0,0.0,0.0,0.0,0.0,0.0,0.0,2120529.6262976998,5645398.03084727
2018-01-01,4781093.610302381,-1265053.0007254537,0.0,0.0,0.0,0.0,0.0,0.0,0.0,0.0,0.0,0.0,0.0,0.0,0.0,0.0,3516040.6095769275
2018-01-08,4781647.6043320475,-1254373.3102817668,0.0,0.0,0.0,0.0,0.0,0.0,0.0,0.0,0.0,0.0,0.0,0.0,0.0,0.0,3527274.294050281
2018-01-15,4782201.598361713,-1223620.4488163674,0.0,0.0,0.0,0.0,0.0,0.0,0.0,0.0,0.0,0.0,0.0,0.0,0.0,0.0,3558581.1495453455
2018-01-22,4782755.592318384,-1173183.4797921698,10289.54356287568,0.0,0.0,0.0,0.0,0.0,0.0,0.0,0.0,0.0,0.0,0.0,0.0,0.0,3619861.65608909
2018-01-29,4783309.586275054,-1103849.8379819002,561790.0432184599,0.0,0.0,0.0,0.0,0.0,0.0,0.0,0.0,0.0,0.0,0.0,0.0,0.0,4241249.791511614
2018-02-05,4783863.580231725,-1016790.6369067759,0.0,58836.33271463999,0.0,0.0,0.0,0.0,0.0,0.0,0.0,0.0,0.0,0.0,0.0,0.0,3825909.276039589
2018-02-12,4784417.574188395,-913534.0700387902,0.0,117672.66542927998,0.0,0.0,0.0,0.0,0.0,0.0,0.0,0.0,0.0,0.0,0.0,0.0,3988556.169578885
2018-02-19,4784971.568145067,-795927.8472993353,0.0,0.0,0.0,0.0,0.0,0.0,0.0,0.0,0.0,0.0,0.0,0.0,0.0,0.0,3989043.720845732
2018-02-26,4785525.5621017385,-666092.1015766958,0.0,0.0,0.0,0.0,0.0,0.0,0.0,0.0,0.0,0.0,0.0,0.0,0.0,0.0,4119433.460525043
2018-03-05,4786079.556058409,-526364.6209837833,0.0,0.0,4420.791308204146,0.0,0.0,0.0,0.0,0.0,0.0,0.0,0.0,0.0,0.0,0.0,4264135.726382829
2018-03-12,4786633.55001508,-379240.5889542444,0.0,0.0,241367.02711054997,62647.428462616655,0.0,0.0,0.0,0.0,0.0,0.0,0.0,0.0,0.0,0.0,4711407.416634002
2018-03-19,4787187.543971751,-227309.22887949244,0.0,0.0,0.0,125294.85692523331,0.0,0.0,0.0,0.0,0.0,0.0,0.0,0.0,0.0,0.0,4685173.172017491
2018-03-26,4787741.537928423,-73189.84191720228,0.0,0.0,0.0,187942.28538785,0.0,0.0,0.0,0.0,0.0,0.0,0.0,0.0,0.0,0.0,4902493.9813990705
2018-04-02,4788295.532212656,80530.30819647564,0.0,0.0,0.0,0.0,0.0,0.0,0.0,0.0,0.0,0.0,0.0,0.0,0.0,0.0,4868825.840409132
2018-04-09,4788849.526496891,231353.9680034539,0.0,0.0,0.0,0.0,0.0,0.0,0.0,0.0,0.0,0.0,0.0,0.0,0.0,0.0,5020203.494500345
2018-04-16,4789403.520781125,376925.70183198556,0.0,0.0,0.0,0.0,106740.83066715332,0.0,0.0,0.0,0.0,0.0,0.0,0.0,0.0,0.0,5273070.053280264
2018-04-23,4789957.515065359,515075.88085691567,0.0,0.0,0.0,0.0,213481.66133430664,0.0,0.0,0.0,0.0,0.0,0.0,0.0,0.0,0.0,5518515.057256581
2018-04-30,4790511.509349594,643855.6465806374,0.0,0.0,0.0,0.0,320222.49200146,106088.34513495999,0.0,0.0,0.0,0.0,0.0,0.0,0.0,0.0,5860677.993066652
2018-05-07,4791065.503633828,761562.1379584683,0.0,0.0,0.0,0.0,0.0,212176.69026991999,0.0,0.0,0.0,0.0,0.0,0.0,0.0,0.0,5764804.331862216
2018-05-14,4791619.497918063,866753.7898398844,0.0,0.0,0.0,0.0,0.0,0.0,12920.122642699289,0.0,0.0,0.0,0.0,0.0,0.0,0.0,5671293.410400647
2018-05-21,4792173.492202297,958256.0216427777,0.0,0.0,0.0,0.0,0.0,0.0,705414.7944927199,0.0,0.0,0.0,0.0,0.0,0.0,0.0,6455844.308337795
2018-05-28,4792727.486486532,1035158.110607626,0.0,0.0,0.0,0.0,0.0,0.0,0.0,0.0,0.0,0.0,0.0,0.0,0.0,0.0,5827885.597094158
2018-06-04,4793281.480770766,1096802.4572980015,0.0,0.0,0.0,0.0,0.0,0.0,0.0,118304.10304108,0.0,0.0,0.0,0.0,0.0,0.0,6008388.041109847
2018-06-11,4793835.475055,1142767.7797480172,0.0,0.0,0.0,0.0,0.0,0.0,0.0,236608.20608216,0.0,0.0,0.0,0.0,0.0,0.0,6173211.460885176
2018-06-18,4794389.469567673,1172847.9994329035,0.0,0.0,0.0,0.0,0.0,0.0,0.0,0.0,0.0,0.0,0.0,0.0,0.0,0.0,5967237.469000577
2018-06-25,4794943.464080347,1187028.6957528284,0.0,0.0,0.0,0.0,0.0,0.0,0.0,0.0,32844.495365879506,0.0,0.0,0.0,0.0,0.0,6014816.655199055
2018-07-02,4795497.458593021,1185463.0013821376,0.0,0.0,0.0,0.0,0.0,0.0,0.0,0.0,1793248.6857492,0.0,0.0,0.0,0.0,0.0,7774209.145724358
2018-07-09,4796051.453105695,1168448.6909891916,0.0,0.0,0.0,0.0,0.0,0.0,0.0,0.0,0.0,0.0,0.0,0.0,0.0,0.0,5964500.144094886
2018-07-16,4796605.447618368,1136407.989598043,0.0,0.0,0.0,0.0,0.0,0.0,0.0,0.0,0.0,0.0,0.0,0.0,0.0,0.0,5933013.437216411
2018-07-23,4797159.4421310425,1089871.3095795526,0.0,0.0,0.0,0.0,0.0,0.0,0.0,0.0,0.0,0.0,0.0,0.0,0.0,0.0,5887030.751710596
2018-07-30,4797713.436643716,1029465.7375611855,0.0,0.0,0.0,0.0,0.0,0.0,0.0,0.0,0.0,0.0,0.0,0.0,0.0,0.0,5827179.174204902
2018-08-06,4798267.43115639,955908.6591422036,0.0,0.0,0.0,0.0,0.0,0.0,0.0,0.0,0.0,0.0,0.0,0.0,0.0,0.0,5754176.090298594
2018-08-13,4798821.425669064,870006.4575149372,0.0,0.0,0.0,0.0,0.0,0.0,0.0,0.0,0.0,0.0,0.0,0.0,0.0,0.0,5668827.883184001
2018-08-20,4799375.420181736,772657.7802508501,0.0,0.0,0.0,0.0,0.0,0.0,0.0,0.0,0.0,12592.515383396883,0.0,0.0,0.0,0.0,5584625.715815984
2018-08-27,4799929.429922281,664860.4642721774,0.0,0.0,0.0,0.0,0.0,0.0,0.0,0.0,0.0,687528.04419738,0.0,0.0,0.0,0.0,6152317.938391838
2018-09-03,4800483.439662823,547720.8677652741,0.0,0.0,0.0,0.0,0.0,0.0,0.0,0.0,0.0,0.0,0.0,0.0,0.0,0.0,5348204.307428097
2018-09-10,4801037.449403366,422464.1010824485,0.0,0.0,0.0,0.0,0.0,0.0,0.0,0.0,0.0,0.0,0.0,0.0,0.0,0.0,5223501.550485815
2018-09-17,4801591.459143911,290443.49305022095,0.0,0.0,0.0,0.0,0.0,0.0,0.0,0.0,0.0,0.0,0.0,0.0,0.0,0.0,5092034.952194132
2018-09-24,4802145.468884453,153147.58503458733,0.0,0.0,0.0,0.0,0.0,0.0,0.0,0.0,0.0,0.0,0.0,0.0,0.0,0.0,4955293.053919041
2018-10-01,4802699.478624998,12203.016435794536,0.0,0.0,0.0,0.0,0.0,0.0,0.0,0.0,0.0,0.0,0.0,0.0,0.0,0.0,4814902.495060792
2018-10-08,4803253.48836554,-130628.15109344752,0.0,0.0,0.0,0.0,0.0,0.0,0.0,0.0,0.0,0.0,0.0,0.0,0.0,0.0,4672625.337272093
2018-10-15,4803807.498106083,-273457.8373105777,0.0,0.0,0.0,0.0,0.0,0.0,0.0,0.0,0.0,0.0,0.0,0.0,0.0,0.0,4530349.660795505
2018-10-22,4804361.507846627,-414288.86895924504,0.0,0.0,0.0,0.0,0.0,0.0,0.0,0.0,0.0,0.0,4722.767620781244,0.0,0.0,0.0,4394795.406508164
2018-10-29,4804915.51758717,-551039.7835264051,0.0,0.0,0.0,0.0,0.0,0.0,0.0,0.0,0.0,0.0,257854.37513109,0.0,0.0,0.0,4511730.1091918545
2018-11-05,4805469.527327713,-681577.3898099666,0.0,0.0,0.0,0.0,0.0,0.0,0.0,0.0,0.0,0.0,0.0,476217.7318398666,0.0,0.0,4600109.869357613
2018-11-12,4806033.164338023,-803756.4743169,0.0,0.0,0.0,0.0,0.0,0.0,0.0,0.0,0.0,0.0,0.0,952435.4636797332,0.0,0.0,4954712.1537008565
2018-11-19,4806596.801348333,-915465.5697979226,0.0,0.0,0.0,0.0,0.0,0.0,0.0,0.0,0.0,0.0,0.0,1428653.1955195998,0.0,0.0,5319784.42707001
2018-11-26,4807160.438358644,-1014677.2745650378,0.0,0.0,0.0,0.0,0.0,0.0,0.0,0.0,0.0,0.0,0.0,0.0,0.0,0.0,3792483.163793606
2018-12-03,4807724.075368954,-1099501.2544433433,0.0,0.0,0.0,0.0,0.0,0.0,0.0,0.0,0.0,0.0,0.0,0.0,163320.48499799997,0.0,3871543.3059236105
2018-12-10,4808287.712379264,-1168237.795236336,0.0,0.0,0.0,0.0,0.0,0.0,0.0,0.0,0.0,0.0,0.0,0.0,326640.96999599994,706843.2087658999,4673534.095904827
2018-12-17,4808851.3493895745,-1219429.619251698,0.0,0.0,0.0,0.0,0.0,0.0,0.0,0.0,0.0,0.0,0.0,0.0,489961.45499399997,1413686.4175317998,5493069.602663676
2018-12-24,4809414.986399884,-1251909.6454253942,0.0,0.0,0.0,0.0,0.0,0.0,0.0,0.0,0.0,0.0,0.0,0.0,0.0,2120529.6262976998,5678034.96727219
2018-12-31,4809978.623410195,-1264842.4628026872,0.0,0.0,0.0,0.0,0.0,0.0,0.0,0.0,0.0,0.0,0.0,0.0,0.0,0.0,3545136.160607508
2019-01-07,4810542.260420505,-1257757.4984619836,0.0,0.0,0.0,0.0,0.0,0.0,0.0,0.0,0.0,0.0,0.0,0.0,0.0,0.0,3552784.7619585213
2019-01-14,4811105.897430816,-1230572.1833980917,0.0,0.0,0.0,0.0,0.0,0.0,0.0,0.0,0.0,0.0,0.0,0.0,0.0,0.0,3580533.714032724
2019-01-21,4811669.5344411265,-1183603.837077774,10289.54356287568,0.0,0.0,0.0,0.0,0.0,0.0,0.0,0.0,0.0,0.0,0.0,0.0,0.0,3638355.240926228
2019-01-28,4813532.496873493,-1117569.4815805866,561790.0432184599,0.0,0.0,0.0,0.0,0.0,0.0,0.0,0.0,0.0,0.0,0.0,0.0,0.0,4257753.058511367
2019-02-04,4815395.459305859,-1033573.3334782217,0.0,58836.33271463999,0.0,0.0,0.0,0.0,0.0,0.0,0.0,0.0,0.0,0.0,0.0,0.0,3840658.4585422776
2019-02-11,4817258.421738226,-933082.2771855366,0.0,117672.66542927998,0.0,0.0,0.0,0.0,0.0,0.0,0.0,0.0,0.0,0.0,0.0,0.0,4001848.809981969
2019-02-18,4819121.384170593,-817890.1676219399,0.0,0.0,0.0,0.0,0.0,0.0,0.0,0.0,0.0,0.0,0.0,0.0,0.0,0.0,4001231.216548653
2019-02-25,4820984.34660296,-690072.3134133668,0.0,0.0,0.0,0.0,0.0,0.0,0.0,0.0,0.0,0.0,0.0,0.0,0.0,0.0,4130912.033189593
2019-03-04,4822847.309035326,-551931.9275340696,0.0,0.0,4420.791308204146,0.0,0.0,0.0,0.0,0.0,0.0,0.0,0.0,0.0,0.0,0.0,4275336.172809461
2019-03-11,4824710.271467692,-405940.6769855734,0.0,0.0,241367.02711054997,0.0,0.0,0.0,0.0,0.0,0.0,0.0,0.0,0.0,0.0,0.0,4660136.621592669
2019-03-18,4826573.233900059,-254675.69866373588,0.0,0.0,0.0,0.0,0.0,0.0,0.0,0.0,0.0,0.0,0.0,0.0,0.0,0.0,4571897.535236323
2019-03-25,4828436.196332427,-100755.56289900739,0.0,0.0,0.0,0.0,0.0,0.0,0.0,0.0,0.0,0.0,0.0,0.0,0.0,0.0,4727680.633433419
2019-04-01,4830299.158764794,53222.346031571215,0.0,0.0,0.0,62647.428462616655,0.0,0.0,0.0,0.0,0.0,0.0,0.0,0.0,0.0,0.0,4946168.933258981
2019-04-08,4835157.759562136,204740.70006970738,0.0,0.0,0.0,125294.85692523331,0.0,0.0,0.0,0.0,0.0,0.0,0.0,0.0,0.0,0.0,5165193.316557077
2019-04-15,4840016.360359478,351415.268872684,0.0,0.0,0.0,187942.28538785,106740.83066715332,0.0,0.0,0.0,0.0,0.0,0.0,0.0,0.0,0.0,5486114.745287165
2019-04-22,4844874.96115682,491040.40722467675,0.0,0.0,0.0,0.0,213481.66133430664,0.0,0.0,0.0,0.0,0.0,0.0,0.0,0.0,0.0,5549397.029715803
2019-04-29,4849733.561954162,621625.6971156874,0.0,0.0,0.0,0.0,320222.49200146,106088.34513495999,0.0,0.0,0.0,0.0,0.0,0.0,0.0,0.0,5897670.096206269
2019-05-06,4854592.162751504,741422.9426187376,0.0,0.0,0.0,0.0,0.0,212176.69026991999,0.0,0.0,0.0,0.0,0.0,0.0,0.0,0.0,5808191.795640162
2019-05-13,4859450.763548846,848943.232340273,0.0,0.0,0.0,0.0,0.0,0.0,12920.122642699289,0.0,0.0,0.0,0.0,0.0,0.0,0.0,5721314.1185318185
2019-05-20,4864309.3643461885,942964.2988907393,0.0,0.0,0.0,0.0,0.0,0.0,705414.7944927199,0.0,0.0,0.0,0.0,0.0,0.0,0.0,6512688.457729648
2019-05-27,4869167.965143531,1022528.8886638079,0.0,0.0,0.0,0.0,0.0,0.0,0.0,0.0,0.0,0.0,0.0,0.0,0.0,0.0,5891696.8538073385
2019-06-03,4874026.565940873,1086935.2813997907,0.0,0.0,0.0,0.0,0.0,0.0,0.0,118304.10304108,0.0,0.0,0.0,0.0,0.0,0.0,6079265.950381743
2019-06-10,4878885.166738216,1135721.4442840575,0.0,0.0,0.0,0.0,0.0,0.0,0.0,236608.20608216,0.0,0.0,0.0,0.0,0.0,0.0,6251214.817104433
2019-06-17,4883743.767535558,1168644.5513269873,0.0,0.0,0.0,0.0,0.0,0.0,0.0,0.0,0.0,0.0,0.0,0.0,0.0,0.0,6052388.318862545
2019-06-24,4889569.383729631,1185657.733047572,0.0,0.0,0.0,0.0,0.0,0.0,0.0,0.0,32844.495365879506,0.0,0.0,0.0,0.0,0.0,6108071.612143083
2019-07-01,4895394.999923704,1186885.9382174772,0.0,0.0,0.0,0.0,0.0,0.0,0.0,0.0,1793248.6857492,0.0,0.0,0.0,0.0,0.0,7875529.623890381
2019-07-08,4901220.616117777,1172602.6897231739,0.0,0.0,0.0,0.0,0.0,0.0,0.0,0.0,0.0,0.0,0.0,0.0,0.0,0.0,6073823.305840951
2019-07-15,4907046.23231185,1143209.3084116909,0.0,0.0,0.0,0.0,0.0,0.0,0.0,0.0,0.0,0.0,0.0,0.0,0.0,0.0,6050255.540723542
2019-07-22,4912871.8485059235,1099217.8763852417,0.0,0.0,0.0,0.0,0.0,0.0,0.0,0.0,0.0,0.0,0.0,0.0,0.0,0.0,6012089.724891165
2019-07-29,4918697.464699997,1041238.8343734251,0.0,0.0,0.0,0.0,0.0,0.0,0.0,0.0,0.0,0.0,0.0,0.0,0.0,0.0,5959936.299073421
2019-08-05,4924523.080894071,969973.6806206079,0.0,0.0,0.0,0.0,0.0,0.0,0.0,0.0,0.0,0.0,0.0,0.0,0.0,0.0,5894496.761514679
2019-08-12,4930348.697088144,886212.7881532871,0.0,0.0,0.0,0.0,0.0,0.0,0.0,0.0,0.0,0.0,0.0,0.0,0.0,0.0,5816561.485241431
2019-08-19,4936174.313282218,790837.9116043941,0.0,0.0,0.0,0.0,0.0,0.0,0.0,0.0,0.0,12592.515383396883,0.0,0.0,0.0,0.0,5739604.740270009
2019-08-26,4941999.92947629,684828.5418714246,0.0,0.0,0.0,0.0,0.0,0.0,0.0,0.0,0.0,687528.04419738,0.0,0.0,0.0,0.0,6314356.515545094
2019-09-02,4947825.54593099,569270.9126651773,0.0,0.0,0.0,0.0,0.0,0.0,0.0,0.0,0.0,0.0,0.0,0.0,0.0,0.0,5517096.458596167
2019-09-09,4953651.162385689,445368.1898253527,0.0,0.0,0.0,0.0,0.0,0.0,0.0,0.0,0.0,0.0,0.0,0.0,0.0,0.0,5399019.352211041
2019-09-16,4959476.778840389,314450.1996460271,0.0,0.0,0.0,0.0,0.0,0.0,0.0,0.0,0.0,0.0,0.0,0.0,0.0,0.0,5273926.978486416
2019-09-23,4965302.395295088,177980.9879891108,0.0,0.0,0.0,0.0,0.0,0.0,0.0,0.0,0.0,0.0,0.0,0.0,0.0,0.0,5143283.383284199
2019-09-30,4971128.011749788,37562.55270507025,0.0,0.0,0.0,0.0,0.0,0.0,0.0,0.0,0.0,0.0,0.0,0.0,0.0,0.0,5008690.564454858
2019-10-07,4976953.628204487,-105066.74401772353,0.0,0.0,0.0,0.0,0.0,0.0,0.0,0.0,0.0,0.0,0.0,0.0,0.0,0.0,4871886.884186763
2019-10-14,4982779.244659187,-248040.30794820594,0.0,0.0,0.0,0.0,0.0,0.0,0.0,0.0,0.0,0.0,0.0,0.0,0.0,0.0,4734738.936710982
2019-10-21,4988604.861113886,-389378.855770476,0.0,0.0,0.0,0.0,0.0,0.0,0.0,0.0,0.0,0.0,4722.767620781244,0.0,0.0,0.0,4603948.772964192
2019-10-28,4994430.477568586,-527013.8068413306,0.0,0.0,0.0,0.0,0.0,0.0,0.0,0.0,0.0,0.0,257854.37513109,0.0,0.0,0.0,4725271.045858346
2019-11-04,5000256.094023285,-658818.4893726232,0.0,0.0,0.0,0.0,0.0,0.0,0.0,0.0,0.0,0.0,0.0,0.0,0.0,0.0,4341437.604650662
2019-11-11,5006081.710477985,-782646.6370828552,0.0,0.0,0.0,0.0,0.0,0.0,0.0,0.0,0.0,0.0,0.0,476217.7318398666,0.0,0.0,4699652.805234997
2019-11-18,5011907.327048087,-896377.1745215909,0.0,0.0,0.0,0.0,0.0,0.0,0.0,0.0,0.0,0.0,0.0,952435.4636797332,0.0,0.0,5067965.616206229
2019-11-25,5017732.943618187,-997963.85158509,0.0,0.0,0.0,0.0,0.0,0.0,0.0,0.0,0.0,0.0,0.0,1428653.1955195998,0.0,0.0,5448422.287552697
2019-12-02,5023558.560188288,-1085487.9165519625,0.0,0.0,0.0,0.0,0.0,0.0,0.0,0.0,0.0,0.0,0.0,0.0,0.0,0.0,3938070.6436363254
2019-12-09,5029384.17675839,-1157211.7350236392,0.0,0.0,0.0,0.0,0.0,0.0,0.0,0.0,0.0,0.0,0.0,0.0,163320.48499799997,0.0,4035492.9267327506
2019-12-16,5035209.793328491,-1211631.0872728147,0.0,0.0,0.0,0.0,0.0,0.0,0.0,0.0,0.0,0.0,0.0,0.0,326640.96999599994,706843.2087658999,4857062.884817576
2019-12-23,5041035.409898593,-1247523.8205202168,0.0,0.0,0.0,0.0,0.0,0.0,0.0,0.0,0.0,0.0,0.0,0.0,489961.45499399997,1413686.4175317998,5697159.461904176
2019-12-30,5046861.026468694,-1263992.6007230594,0.0,0.0,0.0,0.0,0.0,0.0,0.0,0.0,0.0,0.0,0.0,0.0,0.0,2120529.6262976998,5903398.052043335
2020-01-06,5052686.643038795,-1260499.6987000895,0.0,0.0,0.0,0.0,0.0,0.0,0.0,0.0,0.0,0.0,0.0,0.0,0.0,0.0,3792186.944338706
2020-01-13,5058512.259608896,-1236892.0490345794,0.0,0.0,0.0,0.0,0.0,0.0,0.0,0.0,0.0,0.0,0.0,0.0,0.0,0.0,3821620.210574317
2020-01-20,5064337.8761789985,-1193415.2219247075,10289.54356287568,0.0,0.0,0.0,0.0,0.0,0.0,0.0,0.0,0.0,0.0,0.0,0.0,0.0,3881212.197817167
2020-01-27,5070163.492275565,-1130715.4271156562,561790.0432184599,0.0,0.0,0.0,0.0,0.0,0.0,0.0,0.0,0.0,0.0,0.0,0.0,0.0,4501238.108378368
2020-02-03,5075989.108372132,-1049829.1999347114,0.0,58836.33271463999,0.0,0.0,0.0,0.0,0.0,0.0,0.0,0.0,0.0,0.0,0.0,0.0,4084996.2411520607
2020-02-10,5081814.724468699,-952160.9739322074,0.0,117672.66542927998,0.0,0.0,0.0,0.0,0.0,0.0,0.0,0.0,0.0,0.0,0.0,0.0,4247326.415965771
2020-02-17,5087640.340565266,-839449.2929688893,0.0,0.0,0.0,0.0,0.0,0.0,0.0,0.0,0.0,0.0,0.0,0.0,0.0,0.0,4248191.047596376
2020-02-24,5093465.9566618325,-713722.9283183486,0.0,0.0,0.0,0.0,0.0,0.0,0.0,0.0,0.0,0.0,0.0,0.0,0.0,0.0,4379743.028343484
2020-03-02,5099291.5727584,-577248.6159476019,0.0,0.0,0.0,0.0,0.0,0.0,0.0,0.0,0.0,0.0,0.0,0.0,0.0,0.0,4522042.9568107985
2020-03-09,5105117.188854967,-432472.4915761918,0.0,0.0,4420.791308204146,0.0,0.0,0.0,0.0,0.0,0.0,0.0,0.0,0.0,0.0,0.0,4677065.48858698
2020-03-16,5110942.804951535,-281957.55723017955,0.0,0.0,241367.02711054997,0.0,0.0,0.0,0.0,0.0,0.0,0.0,0.0,0.0,0.0,0.0,5070352.274831905
2020-03-23,5116768.421048101,-128319.64957789396,0.0,0.0,0.0,62647.428462616655,0.0,0.0,0.0,0.0,0.0,0.0,0.0,0.0,0.0,0.0,5051096.199932824
2020-03-30,5122594.037144668,25835.609184073688,0.0,0.0,0.0,125294.85692523331,0.0,0.0,0.0,0.0,0.0,0.0,0.0,0.0,0.0,0.0,5273724.503253975
2020-04-06,5128419.653241235,177972.51223779892,0.0,0.0,0.0,187942.28538785,0.0,0.0,0.0,0.0,0.0,0.0,0.0,0.0,0.0,0.0,5494334.450866884
2020-04-13,5134199.044395122,325679.4884018047,0.0,0.0,0.0,0.0,0.0,0.0,0.0,0.0,0.0,0.0,0.0,0.0,0.0,0.0,5459878.532796927
2020-04-20,5139978.435549008,466716.0465754576,0.0,0.0,0.0,0.0,106740.83066715332,0.0,0.0,0.0,0.0,0.0,0.0,0.0,0.0,0.0,5713435.3127916185
2020-04-27,5145757.826702895,599051.0707754719,0.0,0.0,0.0,0.0,213481.66133430664,106088.34513495999,0.0,0.0,0.0,0.0,0.0,0.0,0.0,0.0,6064378.903947633
2020-05-04,5151537.217856781,720891.5736749405,0.0,0.0,0.0,0.0,320222.49200146,212176.69026991999,0.0,0.0,0.0,0.0,0.0,0.0,0.0,0.0,6404827.973803101
2020-05-11,5157316.609010667,830701.5304594694,0.0,0.0,0.0,0.0,0.0,0.0,12920.122642699289,0.0,0.0,0.0,0.0,0.0,0.0,0.0,6000938.262112835
2020-05-18,5163096.000164553,927210.9319887452,0.0,0.0,0.0,0.0,0.0,0.0,705414.7944927199,0.0,0.0,0.0,0.0,0.0,0.0,0.0,6795721.726646017
2020-05-25,5168875.391318439,1009415.687646106,0.0,0.0,0.0,0.0,0.0,0.0,0.0,0.0,0.0,0.0,0.0,0.0,0.0,0.0,6178291.078964544
2020-06-01,5174654.782472325,1076569.4465675391,0.0,0.0,0.0,0.0,0.0,0.0,0.0,0.0,0.0,0.0,0.0,0.0,0.0,0.0,6251224.229039864
2020-06-08,5180434.1736262115,1128168.7671703645,0.0,0.0,0.0,0.0,0.0,0.0,0.0,118304.10304108,0.0,0.0,0.0,0.0,0.0,0.0,6426907.043837656
2020-06-15,5186213.564780097,1163933.329718705,0.0,0.0,0.0,0.0,0.0,0.0,0.0,236608.20608216,0.0,0.0,0.0,0.0,0.0,0.0,6586755.100580962
2020-06-22,5191992.955933984,1183783.0415138626,0.0,0.0,0.0,0.0,0.0,0.0,0.0,0.0,32844.495365879506,0.0,0.0,0.0,0.0,0.0,6408620.492813727
2020-06-29,5196300.6919319155,1187813.9221401971,0.0,0.0,0.0,0.0,0.0,0.0,0.0,0.0,1793248.6857492,0.0,0.0,0.0,0.0,0.0,8177363.299821312
2020-07-06,5200608.427929845,1176274.5769008629,0.0,0.0,0.0,0.0,0.0,0.0,0.0,0.0,0.0,0.0,0.0,0.0,0.0,0.0,6376883.004830708
2020-07-13,5204916.163927776,1149544.8768847298,0.0,0.0,0.0,0.0,0.0,0.0,0.0,0.0,0.0,0.0,0.0,0.0,0.0,0.0,6354461.040812505
2020-07-20,5209223.899925707,1108118.177222943,0.0,0.0,0.0,0.0,0.0,0.0,0.0,0.0,0.0,0.0,0.0,0.0,0.0,0.0,6317342.07714865
2020-07-27,5213531.635923637,1052588.039889408,0.0,0.0,0.0,0.0,0.0,0.0,0.0,0.0,0.0,0.0,0.0,0.0,0.0,0.0,6266119.675813045
2020-08-03,5217839.371921568,983640.0072856024,0.0,0.0,0.0,0.0,0.0,0.0,0.0,0.0,0.0,0.0,0.0,0.0,0.0,0.0,6201479.379207171
2020-08-10,5222147.107919499,902048.524394748,0.0,0.0,0.0,0.0,0.0,0.0,0.0,0.0,0.0,0.0,0.0,0.0,0.0,0.0,6124195.632314247
2020-08-17,5226454.843917429,808678.6586515255,0.0,0.0,0.0,0.0,0.0,0.0,0.0,0.0,0.0,0.0,0.0,0.0,0.0,0.0,6035133.502568955
2020-08-24,5230762.57991536,704491.8459406041,0.0,0.0,0.0,0.0,0.0,0.0,0.0,0.0,0.0,12592.515383396883,0.0,0.0,0.0,0.0,5947846.941239361
2020-08-31,5235070.31591329,590554.5246782808,0.0,0.0,0.0,0.0,0.0,0.0,0.0,0.0,0.0,687528.04419738,0.0,0.0,0.0,0.0,6513152.884788951
2020-09-07,5239376.766578725,468048.2308400066,0.0,0.0,0.0,0.0,0.0,0.0,0.0,0.0,0.0,0.0,0.0,0.0,0.0,0.0,5707424.997418731
2020-09-14,5243683.217244158,338279.5335337384,0.0,0.0,0.0,0.0,0.0,0.0,0.0,0.0,0.0,0.0,0.0,0.0,0.0,0.0,5581962.750777896
2020-09-21,5247989.667909591,202688.1060133937,0.0,0.0,0.0,0.0,0.0,0.0,0.0,0.0,0.0,0.0,0.0,0.0,0.0,0.0,5450677.773922985
2020-09-28,5252296.118575025,62851.2571343017,0.0,0.0,0.0,0.0,0.0,0.0,0.0,0.0,0.0,0.0,0.0,0.0,0.0,0.0,5315147.375709327
2020-10-05,5256602.569240459,-79516.60744841579,0.0,0.0,0.0,0.0,0.0,0.0,0.0,0.0,0.0,0.0,0.0,0.0,0.0,0.0,5177085.961792043
2020-10-12,5260909.019905893,-222570.87400274325,0.0,0.0,0.0,0.0,0.0,0.0,0.0,0.0,0.0,0.0,0.0,0.0,0.0,0.0,5038338.14590315
2020-10-19,5265215.470571327,-364350.89514653943,0.0,0.0,0.0,0.0,0.0,0.0,0.0,0.0,0.0,0.0,4722.767620781244,0.0,0.0,0.0,4905587.343045569
2020-10-26,5269521.921236761,-502801.9685532261,0.0,0.0,0.0,0.0,0.0,0.0,0.0,0.0,0.0,0.0,257854.37513109,0.0,0.0,0.0,5024574.327814625
2020-11-02,5273828.371902195,-635805.1720114978,0.0,0.0,0.0,0.0,0.0,0.0,0.0,0.0,0.0,0.0,0.0,0.0,0.0,0.0,4638023.199890697
2020-11-09,5278134.822567629,-761214.6182808507,0.0,0.0,0.0,0.0,0.0,0.0,0.0,0.0,0.0,0.0,0.0,476217.7318398666,0.0,0.0,4993137.936126645
2020-11-16,5282441.273233063,-876901.2111317054,0.0,0.0,0.0,0.0,0.0,0.0,0.0,0.0,0.0,0.0,0.0,952435.4636797332,0.0,0.0,5357975.52578109
2020-11-23,5286747.714490284,-980801.5370896593,0.0,0.0,0.0,0.0,0.0,0.0,0.0,0.0,0.0,0.0,0.0,1428653.1955195998,0.0,0.0,5734599.372920224
2020-11-30,5291054.155747507,-1070970.1425485157,0.0,0.0,0.0,0.0,0.0,0.0,0.0,0.0,0.0,0.0,0.0,0.0,0.0,0.0,4220084.013198991
2020-12-07,5295360.597004728,-1145633.1465726264,0.0,0.0,0.0,0.0,0.0,0.0,0.0,0.0,0.0,0.0,0.0,0.0,163320.48499799997,0.0,4313047.935430102
2020-12-14,5299667.03826195,-1203240.9446558475,0.0,0.0,0.0,0.0,0.0,0.0,0.0,0.0,0.0,0.0,0.0,0.0,326640.96999599994,706843.2087658999,5129910.272368003
2020-12-21,5303973.479519173,-1242517.6809139452,0.0,0.0,0.0,0.0,0.0,0.0,0.0,0.0,0.0,0.0,0.0,0.0,489961.45499399997,1413686.4175317998,5965103.671131027
2020-12-28,5308279.920776394,-1262505.2120329628,0.0,0.0,0.0,0.0,0.0,0.0,0.0,0.0,0.0,0.0,0.0,0.0,0.0,2120529.6262976998,6166304.335041131
2021-01-04,5312586.362033617,-1262599.4551689434,0.0,0.0,0.0,0.0,0.0,0.0,0.0,0.0,0.0,0.0,0.0,0.0,0.0,0.0,4049986.9068646734
2021-01-11,5316892.803290837,-1242577.2963084965,0.0,0.0,0.0,0.0,0.0,0.0,0.0,0.0,0.0,0.0,0.0,0.0,0.0,0.0,4074315.506982341
2021-01-18,5321199.24454806,-1202612.6211905645,0.0,0.0,0.0,0.0,0.0,0.0,0.0,0.0,0.0,0.0,0.0,0.0,0.0,0.0,4118586.6233574953
2021-01-25,5325505.685805283,-1143280.4978085659,10289.54356287568,0.0,0.0,0.0,0.0,0.0,0.0,0.0,0.0,0.0,0.0,0.0,0.0,0.0,4192514.7315595923
2021-02-01,5329812.126232408,-1065549.063138282,561790.0432184599,58836.33271463999,0.0,0.0,0.0,0.0,0.0,0.0,0.0,0.0,0.0,0.0,0.0,0.0,4884889.4390272265
2021-02-08,5334118.566659533,-970759.2191673908,0.0,117672.66542927998,0.0,0.0,0.0,0.0,0.0,0.0,0.0,0.0,0.0,0.0,0.0,0.0,4481032.012921423
2021-02-15,5338425.007086661,-860592.7949285703,0.0,0.0,0.0,0.0,0.0,0.0,0.0,0.0,0.0,0.0,0.0,0.0,0.0,0.0,4477832.21215809
2021-02-22,5342731.447513786,-737030.352420977,0.0,0.0,0.0,0.0,0.0,0.0,0.0,0.0,0.0,0.0,0.0,0.0,0.0,0.0,4605701.095092809
2021-03-01,5347037.887940912,-602300.2770551861,0.0,0.0,0.0,0.0,0.0,0.0,0.0,0.0,0.0,0.0,0.0,0.0,0.0,0.0,4744737.610885725
2021-03-08,5351344.328368038,-458821.1728192521,0.0,0.0,4420.791308204146,0.0,0.0,0.0,0.0,0.0,0.0,0.0,0.0,0.0,0.0,0.0,4896943.94685699
2021-03-15,5355650.768795164,-309139.8586183193,0.0,0.0,241367.02711054997,62647.428462616655,0.0,0.0,0.0,0.0,0.0,0.0,0.0,0.0,0.0,0.0,5350525.365750012
2021-03-22,5359957.20922229,-155867.4208375062,0.0,0.0,0.0,125294.85692523331,0.0,0.0,0.0,0.0,0.0,0.0,0.0,0.0,0.0,0.0,5329384.645310017
2021-03-29,5364263.649649415,-1615.8103434571817,0.0,0.0,0.0,187942.28538785,0.0,0.0,0.0,0.0,0.0,0.0,0.0,0.0,0.0,0.0,5550590.124693808
2021-04-05,5368570.0900765415,151062.62089570644,0.0,0.0,0.0,0.0,0.0,0.0,0.0,0.0,0.0,0.0,0.0,0.0,0.0,0.0,5519632.710972248
2021-04-12,5372876.530503668,299730.4613669414,0.0,0.0,0.0,0.0,0.0,0.0,0.0,0.0,0.0,0.0,0.0,0.0,0.0,0.0,5672606.991870609
2021-04-19,5377182.970818997,442113.59753363254,0.0,0.0,0.0,0.0,106740.83066715332,0.0,0.0,0.0,0.0,0.0,0.0,0.0,0.0,0.0,5926037.399019783
2021-04-26,5381489.411134328,576141.1332990365,0.0,0.0,0.0,0.0,213481.66133430664,106088.34513495999,0.0,0.0,0.0,0.0,0.0,0.0,0.0,0.0,6277200.550902631
2021-05-03,5385795.851449657,699975.8901392835,0.0,0.0,0.0,0.0,320222.49200146,212176.69026991999,0.0,0.0,0.0,0.0,0.0,0.0,0.0,0.0,6618170.923860321
2021-05-10,5390102.291764987,812035.0168641875,0.0,0.0,0.0,0.0,0.0,0.0,0.0,0.0,0.0,0.0,0.0,0.0,0.0,0.0,6202137.308629174
2021-05-17,5394408.732080316,911000.7567090658,0.0,0.0,0.0,0.0,0.0,0.0,12920.122642699289,0.0,0.0,0.0,0.0,0.0,0.0,0.0,6318329.611432081
2021-05-24,5398715.172395646,995821.9175324021,0.0,0.0,0.0,0.0,0.0,0.0,705414.7944927199,0.0,0.0,0.0,0.0,0.0,0.0,0.0,7099951.884420767
2021-05-31,5403021.612710975,1065707.040557889,0.0,0.0,0.0,0.0,0.0,0.0,0.0,0.0,0.0,0.0,0.0,0.0,0.0,0.0,6468728.653268864
2021-06-07,5407328.053026305,1120110.6396594937,0.0,0.0,0.0,0.0,0.0,0.0,0.0,118304.10304108,0.0,0.0,0.0,0.0,0.0,0.0,6645742.795726879
2021-06-14,5411634.493341635,1158714.1663952915,0.0,0.0,0.0,0.0,0.0,0.0,0.0,236608.20608216,0.0,0.0,0.0,0.0,0.0,0.0,6806956.865819086
2021-06-21,5415940.933656964,1181403.5311939837,0.0,0.0,0.0,0.0,0.0,0.0,0.0,0.0,32844.495365879506,0.0,0.0,0.0,0.0,0.0,6630188.960216828
2021-06-28,5420247.373067083,1188245.0700463548,0.0,0.0,0.0,0.0,0.0,0.0,0.0,0.0,1793248.6857492,0.0,0.0,0.0,0.0,0.0,8401741.128862638
2021-07-05,5424553.812477202,1179461.7873750068,0.0,0.0,0.0,0.0,0.0,0.0,0.0,0.0,0.0,0.0,0.0,0.0,0.0,0.0,6604015.599852209
2021-07-12,5428860.2518873215,1155411.534985901,0.0,0.0,0.0,0.0,0.0,0.0,0.0,0.0,0.0,0.0,0.0,0.0,0.0,0.0,6584271.786873222
2021-07-19,5433166.69129744,1116568.516244023,0.0,0.0,0.0,0.0,0.0,0.0,0.0,0.0,0.0,0.0,0.0,0.0,0.0,0.0,6549735.207541463
2021-07-26,5437473.130707559,1063509.151794065,0.0,0.0,0.0,0.0,0.0,0.0,0.0,0.0,0.0,0.0,0.0,0.0,0.0,0.0,6500982.282501624
2021-08-02,5441779.5701176785,996902.9309612085,0.0,0.0,0.0,0.0,0.0,0.0,0.0,0.0,0.0,0.0,0.0,0.0,0.0,0.0,6438682.501078887
2021-08-09,5446086.009527798,917508.4275317603,0.0,0.0,0.0,0.0,0.0,0.0,0.0,0.0,0.0,0.0,0.0,0.0,0.0,0.0,6363594.437059558
2021-08-16,5450392.448937916,826174.2079235108,0.0,0.0,0.0,0.0,0.0,0.0,0.0,0.0,0.0,0.0,0.0,0.0,0.0,0.0,6276566.656861427
2021-08-23,5454698.8883480355,723843.9320340904,0.0,0.0,0.0,0.0,0.0,0.0,0.0,0.0,0.0,12592.515383396883,0.0,0.0,0.0,0.0,6191135.335765523
2021-08-30,5459005.327758155,611564.5690988584,0.0,0.0,0.0,0.0,0.0,0.0,0.0,0.0,0.0,687528.04419738,0.0,0.0,0.0,0.0,6758097.941054393
2021-09-06,5463311.767168273,490496.3464783108,0.0,0.0,0.0,0.0,0.0,0.0,0.0,0.0,0.0,0.0,0.0,0.0,0.0,0.0,5953808.113646584
2021-09-13,5467618.206898011,361922.83780892345,0.0,0.0,0.0,0.0,0.0,0.0,0.0,0.0,0.0,0.0,0.0,0.0,0.0,0.0,5829541.044706935
2021-09-20,5471924.646627747,227259.4922091999,0.0,0.0,0.0,0.0,0.0,0.0,0.0,0.0,0.0,0.0,0.0,0.0,0.0,0.0,5699184.138836947
2021-09-27,5476231.086357484,88058.91568203662,0.0,0.0,0.0,0.0,0.0,0.0,0.0,0.0,0.0,0.0,0.0,0.0,0.0,0.0,5564290.00203952
2021-10-04,5480537.52608722,-53988.659884030094,0.0,0.0,0.0,0.0,0.0,0.0,0.0,0.0,0.0,0.0,0.0,0.0,0.0,0.0,5426548.86620319
2021-10-11,5484843.965816957,-197061.05189559617,0.0,0.0,0.0,0.0,0.0,0.0,0.0,0.0,0.0,0.0,0.0,0.0,0.0,0.0,5287782.913921361
2021-10-18,5489150.405546694,-339216.9496143499,0.0,0.0,0.0,0.0,0.0,0.0,0.0,0.0,0.0,0.0,4722.767620781244,0.0,0.0,0.0,5154656.223553126
2021-10-25,5493456.84527643,-478416.48152880726,0.0,0.0,0.0,0.0,0.0,0.0,0.0,0.0,0.0,0.0,257854.37513109,0.0,0.0,0.0,5272894.738878713
2021-11-01,5497763.285006167,-612549.6653534139,0.0,0.0,0.0,0.0,0.0,0.0,0.0,0.0,0.0,0.0,0.0,0.0,0.0,0.0,4885213.619652754
2021-11-08,5502069.7247359045,-739472.3917046422,0.0,0.0,0.0,0.0,0.0,0.0,0.0,0.0,0.0,0.0,0.0,476217.7318398666,0.0,0.0,5238815.064871129
2021-11-15,5506376.164465641,-857049.1071539628,0.0,0.0,0.0,0.0,0.0,0.0,0.0,0.0,0.0,0.0,0.0,952435.4636797332,0.0,0.0,5601762.520991411
2021-11-22,5510682.604562955,-963200.9071647723,0.0,0.0,0.0,0.0,0.0,0.0,0.0,0.0,0.0,0.0,0.0,1428653.1955195998,0.0,0.0,5976134.892917782
2021-11-29,5514989.044660269,-1055957.351653178,0.0,0.0,0.0,0.0,0.0,0.0,0.0,0.0,0.0,0.0,0.0,0.0,0.0,0.0,4459031.693007091
2021-12-06,5519295.484757584,-1133509.9997682972,0.0,0.0,0.0,0.0,0.0,0.0,0.0,0.0,0.0,0.0,0.0,0.0,163320.48499799997,0.0,4549105.969987286
2021-12-13,5523601.924854898,-1194265.4456813429,0.0,0.0,0.0,0.0,0.0,0.0,0.0,0.0,0.0,0.0,0.0,0.0,326640.96999599994,706843.2087658999,5362820.6579354545
2021-12-20,5527908.364952212,-1236895.5377769454,0.0,0.0,0.0,0.0,0.0,0.0,0.0,0.0,0.0,0.0,0.0,0.0,489961.45499399997,1413686.4175317998,6194660.699701066
2021-12-27,5532214.805049527,-1260382.4872487544,0.0,0.0,0.0,0.0,0.0,0.0,0.0,0.0,0.0,0.0,0.0,0.0,0.0,2120529.6262976998,6392361.944098473
2022-01-03,5536521.245146841,-1264056.7193643593,0.0,0.0,0.0,0.0,0.0,0.0,0.0,0.0,0.0,0.0,0.0,0.0,0.0,0.0,4272464.525782482
2022-01-10,5540827.685244156,-1247625.585221215,0.0,0.0,0.0,0.0,0.0,0.0,0.0,0.0,0.0,0.0,0.0,0.0,0.0,0.0,4293202.100022941
2022-01-17,5545134.125341469,-1211191.4206303812,0.0,0.0,0.0,0.0,0.0,0.0,0.0,0.0,0.0,0.0,0.0,0.0,0.0,0.0,4333942.704711088
2022-01-24,5549440.565438785,-1155257.89284889,0.0,0.0,0.0,0.0,0.0,0.0,0.0,0.0,0.0,0.0,0.0,0.0,0.0,0.0,4394182.672589894
2022-01-31,5553747.0055361,-1080724.091353114,10289.54356287568,58836.33271463999,0.0,0.0,0.0,0.0,0.0,0.0,0.0,0.0,0.0,0.0,0.0,0.0,4542148.790460502
2022-02-07,5558053.444913824,-988866.3682765242,561790.0432184599,117672.66542927998,0.0,0.0,0.0,0.0,0.0,0.0,0.0,0.0,0.0,0.0,0.0,0.0,5248649.78528504
2022-02-14,5562359.884291547,-881308.4881000648,0.0,0.0,0.0,0.0,0.0,0.0,0.0,0.0,0.0,0.0,0.0,0.0,0.0,0.0,4681051.396191482
2022-02-21,5566666.323669272,-759981.1749244487,0.0,0.0,0.0,0.0,0.0,0.0,0.0,0.0,0.0,0.0,0.0,0.0,0.0,0.0,4806685.1487448225
2022-02-28,5570972.763046996,-627072.6207667738,0.0,0.0,0.0,0.0,0.0,0.0,0.0,0.0,0.0,0.0,0.0,0.0,0.0,0.0,4943900.142280222
2022-03-07,5575279.20242472,-484971.9143671948,0.0,0.0,4420.791308204146,0.0,0.0,0.0,0.0,0.0,0.0,0.0,0.0,0.0,0.0,0.0,5094728.079365729
2022-03-14,5579585.641802444,-336207.64592527034,0.0,0.0,241367.02711054997,0.0,0.0,0.0,0.0,0.0,0.0,0.0,0.0,0.0,0.0,0.0,5484745.022987723
2022-03-21,5583892.081180168,-183384.12356065682,0.0,0.0,0.0,0.0,0.0,0.0,0.0,0.0,0.0,0.0,0.0,0.0,0.0,0.0,5400507.9576195115
2022-03-28,5588198.5205578925,-29117.693117964463,0.0,0.0,0.0,62647.428462616655,0.0,0.0,0.0,0.0,0.0,0.0,0.0,0.0,0.0,0.0,5621728.255902545
2022-04-04,5592504.959935617,124024.41782345009,0.0,0.0,0.0,125294.85692523331,0.0,0.0,0.0,0.0,0.0,0.0,0.0,0.0,0.0,0.0,5841824.2346843
2022-04-11,5596811.399313341,273580.5031945194,0.0,0.0,0.0,187942.28538785,0.0,0.0,0.0,0.0,0.0,0.0,0.0,0.0,0.0,0.0,6058334.187895711
2022-04-18,5601117.838691065,417244.10250197747,0.0,0.0,0.0,0.0,106740.83066715332,0.0,0.0,0.0,0.0,0.0,0.0,0.0,0.0,0.0,6125102.771860196
2022-04-25,5605424.278068789,552905.5133310963,0.0,0.0,0.0,0.0,213481.66133430664,106088.34513495999,0.0,0.0,0.0,0.0,0.0,0.0,0.0,0.0,6477899.797869152
2022-05-02,5609730.717446513,678684.0230302128,0.0,0.0,0.0,0.0,320222.49200146,212176.69026991999,0.0,0.0,0.0,0.0,0.0,0.0,0.0,0.0,6820813.922748106
2022-05-09,5614037.156824237,792950.2959510493,0.0,0.0,0.0,0.0,0.0,0.0,0.0,0.0,0.0,0.0,0.0,0.0,0.0,0.0,6406987.4527752865
2022-05-16,5618343.596201961,894338.871999852,0.0,0.0,0.0,0.0,0.0,0.0,12920.122642699289,0.0,0.0,0.0,0.0,0.0,0.0,0.0,6525602.590844512
2022-05-23,5622650.035579684,981751.2361152146,0.0,0.0,0.0,0.0,0.0,0.0,705414.7944927199,0.0,0.0,0.0,0.0,0.0,0.0,0.0,7309816.066187618
2022-05-30,5626956.474957408,1054350.378514928,0.0,0.0,0.0,0.0,0.0,0.0,0.0,0.0,0.0,0.0,0.0,0.0,0.0,0.0,6681306.853472336
2022-06-06,5631262.914335133,1111548.156798497,0.0,0.0,0.0,0.0,0.0,0.0,0.0,118304.10304108,0.0,0.0,0.0,0.0,0.0,0.0,6861115.174174709
2022-06-13,5635569.353712856,1152987.0721180902,0.0,0.0,0.0,0.0,0.0,0.0,0.0,236608.20608216,0.0,0.0,0.0,0.0,0.0,0.0,7025164.631913106
2022-06-20,5639875.79309058,1178518.266913528,0.0,0.0,0.0,0.0,0.0,0.0,0.0,0.0,32844.495365879506,0.0,0.0,0.0,0.0,0.0,6851238.555369988
2022-06-27,5644182.232468304,1188177.6317158907,0.0,0.0,0.0,0.0,0.0,0.0,0.0,0.0,1793248.6857492,0.0,0.0,0.0,0.0,0.0,8625608.549933394
2022-07-04,5648488.671846028,1182161.8706411044,0.0,0.0,0.0,0.0,0.0,0.0,0.0,0.0,0.0,0.0,0.0,0.0,0.0,0.0,6830650.542487133
2022-07-11,5652795.111223753,1160806.223735516,0.0,0.0,0.0,0.0,0.0,0.0,0.0,0.0,0.0,0.0,0.0,0.0,0.0,0.0,6813601.334959269
2022-07-18,5657101.550601477,1124565.2902704598,0.0,0.0,0.0,0.0,0.0,0.0,0.0,0.0,0.0,0.0,0.0,0.0,0.0,0.0,6781666.840871937
2022-07-25,5661407.989979201,1073998.0573716045,0.0,0.0,0.0,0.0,0.0,0.0,0.0,0.0,0.0,0.0,0.0,0.0,0.0,0.0,6735406.047350805
2022-08-01,5665714.429356925,1009757.8349476368,0.0,0.0,0.0,0.0,0.0,0.0,0.0,0.0,0.0,0.0,0.0,0.0,0.0,0.0,6675472.264304562
2022-08-08,5670020.868734649,932587.3563646973,0.0,0.0,0.0,0.0,0.0,0.0,0.0,0.0,0.0,0.0,0.0,0.0,0.0,0.0,6602608.225099347
2022-08-15,5674327.308112374,843318.8524758029,0.0,0.0,0.0,0.0,0.0,0.0,0.0,0.0,0.0,0.0,0.0,0.0,0.0,0.0,6517646.160588177
2022-08-22,5678633.747490098,742878.472764355,0.0,0.0,0.0,0.0,0.0,0.0,0.0,0.0,0.0,12592.515383396883,0.0,0.0,0.0,0.0,6434104.735637849
2022-08-29,5682940.186867821,632294.0386654796,0.0,0.0,0.0,0.0,0.0,0.0,0.0,0.0,0.0,687528.04419738,0.0,0.0,0.0,0.0,7002762.269730681
2022-09-05,5687246.626245545,512704.79502139916,0.0,0.0,0.0,0.0,0.0,0.0,0.0,0.0,0.0,0.0,0.0,0.0,0.0,0.0,6199951.421266944
2022-09-12,5691553.065623269,385371.59635856014,0.0,0.0,0.0,0.0,0.0,0.0,0.0,0.0,0.0,0.0,0.0,0.0,0.0,0.0,6076924.661981829
2022-09-19,5695859.505000994,251685.84013446292,0.0,0.0,0.0,0.0,0.0,0.0,0.0,0.0,0.0,0.0,0.0,0.0,0.0,0.0,5947545.345135457
2022-09-26,5700165.944378718,113175.44791398426,0.0,0.0,0.0,0.0,0.0,0.0,0.0,0.0,0.0,0.0,0.0,0.0,0.0,0.0,5813341.392292702
2022-10-03,5704472.383756442,-28493.70054237796,0.0,0.0,0.0,0.0,0.0,0.0,0.0,0.0,0.0,0.0,0.0,0.0,0.0,0.0,5675978.683214064
2022-10-10,5708778.823134166,-171522.26110722023,0.0,0.0,0.0,0.0,0.0,0.0,0.0,0.0,0.0,0.0,0.0,0.0,0.0,0.0,5537256.562026946
2022-10-17,5713085.262511889,-313988.91516910325,0.0,0.0,0.0,0.0,0.0,0.0,0.0,0.0,0.0,0.0,4722.767620781244,0.0,0.0,0.0,5403819.114963568
2022-10-24,5717391.701889614,-453869.5301366037,0.0,0.0,0.0,0.0,0.0,0.0,0.0,0.0,0.0,0.0,257854.37513109,0.0,0.0,0.0,5521376.5468841
2022-10-31,5721698.141267338,-589064.213245218,0.0,0.0,0.0,0.0,0.0,0.0,0.0,0.0,0.0,0.0,0.0,0.0,0.0,0.0,5132633.92802212
2022-11-07,5726004.580645062,-717431.9973721638,0.0,0.0,0.0,0.0,0.0,0.0,0.0,0.0,0.0,0.0,0.0,476217.7318398666,0.0,0.0,5484790.315112765
2022-11-14,5730311.020022786,-836832.4098343855,0.0,0.0,0.0,0.0,0.0,0.0,0.0,0.0,0.0,0.0,0.0,952435.4636797332,0.0,0.0,5845914.073868134
2022-11-21,5734617.45940051,-945172.7125037422,0.0,0.0,0.0,0.0,0.0,0.0,0.0,0.0,0.0,0.0,0.0,1428653.1955195998,0.0,0.0,6218097.942416368
2022-11-28,5738923.898778235,-1040459.1916686153,0.0,0.0,0.0,0.0,0.0,0.0,0.0,0.0,0.0,0.0,0.0,0.0,0.0,0.0,4698464.707109619
2022-12-05,5743230.338155959,-1120850.5437597125,0.0,0.0,0.0,0.0,0.0,0.0,0.0,0.0,0.0,0.0,0.0,0.0,163320.48499799997,0.0,4785700.279394247
2022-12-12,5747536.777533683,-1184711.168946851,0.0,0.0,0.0,0.0,0.0,0.0,0.0,0.0,0.0,0.0,0.0,0.0,326640.96999599994,706843.2087658999,5596309.787348731
2022-12-19,5751843.216911407,-1230662.0638582562,0.0,0.0,0.0,0.0,0.0,0.0,0.0,0.0,0.0,0.0,0.0,0.0,489961.45499399997,1413686.4175317998,6424829.0255789505
2022-12-26,5756149.656289131,-1257627.006064903,0.0,0.0,0.0,0.0,0.0,0.0,0.0,0.0,0.0,0.0,0.0,0.0,0.0,2120529.6262976998,6619052.276521929
2023-01-02,5760456.095666855,-1264871.8484218982,0.0,0.0,0.0,0.0,0.0,0.0,0.0,0.0,0.0,0.0,0.0,0.0,0.0,0.0,4495584.247244956
2023-01-09,5764762.535044579,-1252034.9857409638,0.0,0.0,0.0,0.0,0.0,0.0,0.0,0.0,0.0,0.0,0.0,0.0,0.0,0.0,4512727.5493036155
2023-01-16,5769068.974422303,-1219147.4076989782,0.0,0.0,0.0,0.0,0.0,0.0,0.0,0.0,0.0,0.0,0.0,0.0,0.0,0.0,4549921.566723324
2023-01-23,5773375.413800027,-1166641.1923717095,0.0,0.0,0.0,0.0,0.0,0.0,0.0,0.0,0.0,0.0,0.0,0.0,0.0,0.0,4606734.221428318
2023-01-30,5777681.853177751,-1095345.801220207,10289.54356287568,0.0,0.0,0.0,0.0,0.0,0.0,0.0,0.0,0.0,0.0,0.0,0.0,0.0,4692625.59552042
2023-02-06,5781988.292555476,-1006472.0818461474,561790.0432184599,58836.33271463999,0.0,0.0,0.0,0.0,0.0,0.0,0.0,0.0,0.0,0.0,0.0,0.0,5396142.586642428
2023-02-13,5786294.7319332,-901584.4401828446,0.0,117672.66542927998,0.0,0.0,0.0,0.0,0.0,0.0,0.0,0.0,0.0,0.0,0.0,0.0,5002382.957179635
2023-02-20,5790601.171310923,-782562.1791779492,0.0,0.0,0.0,0.0,0.0,0.0,0.0,0.0,0.0,0.0,0.0,0.0,0.0,0.0,5008038.992132974
2023-02-27,5794907.610688647,-651551.487684805,0.0,0.0,0.0,0.0,0.0,0.0,0.0,0.0,0.0,0.0,0.0,0.0,0.0,0.0,5143356.123003842
2023-03-06,5799214.050066371,-510909.97512950096,0.0,0.0,4420.791308204146,0.0,0.0,0.0,0.0,0.0,0.0,0.0,0.0,0.0,0.0,0.0,5292724.866245074
2023-03-13,5803520.489444096,-363145.9626387824,0.0,0.0,241367.02711054997,0.0,0.0,0.0,0.0,0.0,0.0,0.0,0.0,0.0,0.0,0.0,5681741.553915863
2023-03-20,5807826.92882182,-210854.9431787888,0.0,0.0,0.0,62647.428462616655,0.0,0.0,0.0,0.0,0.0,0.0,0.0,0.0,0.0,0.0,5659619.414105648
2023-03-27,5812133.368199544,-56655.701674074575,0.0,0.0,0.0,125294.85692523331,0.0,0.0,0.0,0.0,0.0,0.0,0.0,0.0,0.0,0.0,5880772.523450702
2023-04-03,5816439.807577268,96871.46224509751,0.0,0.0,0.0,187942.28538785,0.0,0.0,0.0,0.0,0.0,0.0,0.0,0.0,0.0,0.0,6101253.555210216
2023-04-10,5820746.246954992,247242.13750834303,0.0,0.0,0.0,0.0,0.0,0.0,0.0,0.0,0.0,0.0,0.0,0.0,0.0,0.0,6067988.384463335
2023-04-17,5825052.686332717,392118.84317159007,0.0,0.0,0.0,0.0,106740.83066715332,0.0,0.0,0.0,0.0,0.0,0.0,0.0,0.0,0.0,6323912.36017146
2023-04-24,5829359.125710441,529354.0997528678,0.0,0.0,0.0,0.0,213481.66133430664,0.0,0.0,0.0,0.0,0.0,0.0,0.0,0.0,0.0,6572194.886797615
2023-05-01,5833665.565088165,657024.374460036,0.0,0.0,0.0,0.0,320222.49200146,106088.34513495999,0.0,0.0,0.0,0.0,0.0,0.0,0.0,0.0,6917000.776684621
2023-05-08,5837972.004465889,773454.2445400659,0.0,0.0,0.0,0.0,0.0,212176.69026991999,0.0,0.0,0.0,0.0,0.0,0.0,0.0,0.0,6823602.939275875
2023-05-15,5842278.4438436115,877230.6420588186,0.0,0.0,0.0,0.0,0.0,0.0,12920.122642699289,0.0,0.0,0.0,0.0,0.0,0.0,0.0,6732429.20854513
2023-05-22,5846584.883221336,967207.5521696476,0.0,0.0,0.0,0.0,0.0,0.0,705414.7944927199,0.0,0.0,0.0,0.0,0.0,0.0,0.0,7519207.229883703
2023-05-29,5850891.32259906,1042502.0069063576,0.0,0.0,0.0,0.0,0.0,0.0,0.0,0.0,0.0,0.0,0.0,0.0,0.0,0.0,6893393.3295054175
2023-06-05,5855197.761976784,1102482.6217874712,0.0,0.0,0.0,0.0,0.0,0.0,0.0,118304.10304108,0.0,0.0,0.0,0.0,0.0,0.0,7075984.486805336
2023-06-12,5859504.201354508,1146752.2410601627,0.0,0.0,0.0,0.0,0.0,0.0,0.0,236608.20608216,0.0,0.0,0.0,0.0,0.0,0.0,7242864.648496831
2023-06-19,5863810.6407322325,1175126.4724776703,0.0,0.0,0.0,0.0,0.0,0.0,0.0,0.0,0.0,0.0,0.0,0.0,0.0,0.0,7038937.113209903
2023-06-26,5868117.080109957,1187609.9934897912,0.0,0.0,0.0,0.0,0.0,0.0,0.0,0.0,32844.495365879506,0.0,0.0,0.0,0.0,0.0,7088571.568965627
2023-07-03,5872423.51948768,1184372.493776933,0.0,0.0,0.0,0.0,0.0,0.0,0.0,0.0,1793248.6857492,0.0,0.0,0.0,0.0,0.0,8850044.699013812
2023-07-10,5876729.958865404,1165725.987260728,0.0,0.0,0.0,0.0,0.0,0.0,0.0,0.0,0.0,0.0,0.0,0.0,0.0,0.0,7042455.946126132
2023-07-17,5881036.398243128,1132104.989899093,0.0,0.0,0.0,0.0,0.0,0.0,0.0,0.0,0.0,0.0,0.0,0.0,0.0,0.0,7013141.388142222
2023-07-24,5885342.8376208525,1084050.7336751572,0.0,0.0,0.0,0.0,0.0,0.0,0.0,0.0,0.0,0.0,0.0,0.0,0.0,0.0,6969393.57129601
2023-07-31,5889649.276998577,1022200.1933537414,0.0,0.0,0.0,0.0,0.0,0.0,0.0,0.0,0.0,0.0,0.0,0.0,0.0,0.0,6911849.470352318
2023-08-07,5893955.716376301,947280.2658679815,0.0,0.0,0.0,0.0,0.0,0.0,0.0,0.0,0.0,0.0,0.0,0.0,0.0,0.0,6841235.982244282
2023-08-14,5898262.155754025,860106.9901214456,0.0,0.0,0.0,0.0,0.0,0.0,0.0,0.0,0.0,0.0,0.0,0.0,0.0,0.0,6758369.145875471
2023-08-21,5902568.595131749,761589.2558819895,0.0,0.0,0.0,0.0,0.0,0.0,0.0,0.0,0.0,12592.515383396883,0.0,0.0,0.0,0.0,6676750.366397136
2023-08-28,5906875.0345094735,652736.0517944269,0.0,0.0,0.0,0.0,0.0,0.0,0.0,0.0,0.0,687528.04419738,0.0,0.0,0.0,0.0,7247139.130501281
2023-09-04,5911181.473887198,534665.9693812096,0.0,0.0,0.0,0.0,0.0,0.0,0.0,0.0,0.0,0.0,0.0,0.0,0.0,0.0,6445847.443268407
2023-09-11,5915487.913264921,408617.433330435,0.0,0.0,0.0,0.0,0.0,0.0,0.0,0.0,0.0,0.0,0.0,0.0,0.0,0.0,6324105.346595356
2023-09-18,5919794.352642645,275957.9843060434,0.0,0.0,0.0,0.0,0.0,0.0,0.0,0.0,0.0,0.0,0.0,0.0,0.0,0.0,6195752.336948688
2023-09-25,5924100.792020369,138190.9087508815,0.0,0.0,0.0,0.0,0.0,0.0,0.0,0.0,0.0,0.0,0.0,0.0,0.0,0.0,6062291.700771251
2023-10-02,5928407.2313980935,-3042.406225037832,0.0,0.0,0.0,0.0,0.0,0.0,0.0,0.0,0.0,0.0,0.0,0.0,0.0,0.0,5925364.825173056
2023-10-09,5932713.670775818,-145965.81959120542,0.0,0.0,0.0,0.0,0.0,0.0,0.0,0.0,0.0,0.0,0.0,0.0,0.0,0.0,5786747.851184612
2023-10-16,5937020.110153542,-288678.615265137,0.0,0.0,0.0,0.0,0.0,0.0,0.0,0.0,0.0,0.0,0.0,0.0,0.0,0.0,5648341.494888405
2023-10-23,5941326.549531266,-429173.2629312799,0.0,0.0,0.0,0.0,0.0,0.0,0.0,0.0,0.0,0.0,4722.767620781244,0.0,0.0,0.0,5516876.054220768
2023-10-30,5945632.988908989,-565361.0673344715,0.0,0.0,0.0,0.0,0.0,0.0,0.0,0.0,0.0,0.0,257854.37513109,0.0,0.0,0.0,5638126.296705608
2023-11-06,5949939.4282867145,-695105.532283529,0.0,0.0,0.0,0.0,0.0,0.0,0.0,0.0,0.0,0.0,0.0,476217.7318398666,0.0,0.0,5731051.627843052
2023-11-13,5954245.867664438,-816262.7764203466,0.0,0.0,0.0,0.0,0.0,0.0,0.0,0.0,0.0,0.0,0.0,952435.4636797332,0.0,0.0,6090418.554923824
2023-11-20,5958552.307042162,-926727.8686040239,0.0,0.0,0.0,0.0,0.0,0.0,0.0,0.0,0.0,0.0,0.0,1428653.1955195998,0.0,0.0,6460477.633957738
2023-11-27,5962858.746419886,-1024485.5295139449,0.0,0.0,0.0,0.0,0.0,0.0,0.0,0.0,0.0,0.0,0.0,0.0,0.0,0.0,4938373.216905941
2023-12-04,5967165.18579761,-1107663.2982567775,0.0,0.0,0.0,0.0,0.0,0.0,0.0,0.0,0.0,0.0,0.0,0.0,163320.48499799997,0.0,5022822.372538833
2023-12-11,5971471.6251753345,-1174585.0098340565,0.0,0.0,0.0,0.0,0.0,0.0,0.0,0.0,0.0,0.0,0.0,0.0,326640.96999599994,706843.2087658999,5830370.794103178
2023-12-18,5975778.064553059,-1223822.287491118,0.0,0.0,0.0,0.0,0.0,0.0,0.0,0.0,0.0,0.0,0.0,0.0,489961.45499399997,1413686.4175317998,6655603.64958774
2023-12-25,5980084.503930783,-1254241.7332057492,0.0,0.0,0.0,0.0,0.0,0.0,0.0,0.0,0.0,0.0,0.0,0.0,0.0,2120529.6262976998,6846372.397022733
